,experts,heaviside,l0,mse_loss,frac_recovered,loss_original,loss_reconstructed,delta_ce
15,16.0,1.0,8.0,2683.703857421875,0.9510655999183656,3.26992130279541,3.9711453914642334,0.7012240886688232
13,16.0,1.0,32.0,1742.4158935546875,0.9815412163734436,3.26992130279541,3.534433364868164,0.2645120620727539
11,16.0,1.0,64.0,1401.0343017578125,0.9887024164199828,3.26992130279541,3.431814432144165,0.16189312934875488
9,16.0,1.0,128.0,1046.0850830078125,0.9935574531555176,3.26992130279541,3.3622424602508545,0.09232115745544434
