,experts,heaviside,l0,mse_loss
6,32.0,0.0,8.0,2817.041015625
4,32.0,0.0,32.0,2027.689453125
2,32.0,0.0,64.0,1694.796875
0,32.0,0.0,128.0,1290.345703125
