,l0,mse_loss,frac_recovered,delta_ce
1,8.206787109375,3492.701171875,0.9255402088165284,1.067000389099121
0,12.566650390625,2559.174560546875,0.9579382538795472,0.5903034210205078
3,23.200927734375,1837.4671630859373,0.9785899519920348,0.3068037033081059
2,48.8880615234375,1253.7666015625,0.9901224970817566,0.13862347602844238
5,82.66162109375,950.4469604492188,0.99338698387146,0.09476351737976074
4,159.738525390625,710.6533203125,0.9960606098175048,0.05528640747070268
7,289.6943359375,508.3369140625,0.9972550868988036,0.03933382034301802
